<?xml version="1.0" encoding="UTF-8"?>
<project-private xmlns="http://www.netbeans.org/ns/project-private/1">
    <editor-bookmarks xmlns="http://www.netbeans.org/ns/editor-bookmarks/2" lastBookmarkId="0"/>
    <open-files xmlns="http://www.netbeans.org/ns/projectui-open-files/2">
        <group name="DesarrolloInterfaces">
            <file>file:/G:/TrabajoApp-(PINVHO)/src/Ventanas/gui/DialogoRegistro.java</file>
            <file>file:/G:/TrabajoApp-(PINVHO)/src/Ventanas/gui/DialogoPorJugarAñadir1.java</file>
            <file>file:/G:/TrabajoApp-(PINVHO)/src/Ventanas/gui/VentanaInicio.java</file>
        </group>
    </open-files>
</project-private>
